Epoch,Dev Fscore overall,Dev Fscore seen,Dev Fscore unseen,Train Fscore overall,Train Fscore seen,Train Fscore unseen
0,0.546188033478017,0.546188033478017,0.0,0.5598293889145576,0.5598293889145576,0.0
1,0.48648470464135024,0.48648470464135024,0.0,0.544435802086636,0.544435802086636,0.0
2,0.5794026391536765,0.5794026391536765,0.0,0.6345011117530683,0.6345011117530683,0.0
3,0.530791721166423,0.530791721166423,0.0,0.601158702297933,0.601158702297933,0.0
4,0.6122004357298475,0.6122004357298475,0.0,0.683777721531567,0.683777721531567,0.0
